Point,X_Fuel,X_O2,X_N2,X_Ar,X_He,P,T,PHI
1,0.61,20.87,78.52,0,0,1.96,1091.5,0.5
2,0.61,20.87,78.52,0,0,2.06,1157.9,0.5
3,0.61,20.87,78.52,0,0,2.03,1210,0.5
4,0.61,20.87,78.52,0,0,1.98,1255.6,0.5
5,0.61,20.87,78.52,0,0,2.08,1327.2,0.5
6,0.61,20.87,78.52,0,0,1.96,1386.3,0.5
7,0.61,20.87,78.52,0,0,2.01,1457.9,0.5
8,0.61,20.87,78.52,0,0,2.16,1501,0.5
9,0.61,20.87,78.52,0,0,2.04,1516.1,0.5
10,0.61,20.87,78.52,0,0,2.06,1585.2,0.5
11,0.61,20.87,78.52,0,0,10.5,1070.7,0.5
12,0.61,20.87,78.52,0,0,10.9,1109.6,0.5
13,0.61,20.87,78.52,0,0,9.31,1164.1,0.5
14,0.61,20.87,78.52,0,0,9.69,1281.8,0.5
15,0.61,20.87,78.52,0,0,10.7,1372.1,0.5
16,0.61,20.87,78.52,0,0,10.8,1382.9,0.5
17,0.61,20.87,78.52,0,0,10.6,1386.5,0.5
18,1.25,20.74,78.01,0,0,1.81,1095,1
19,1.25,20.74,78.01,0,0,2.1,1166.6,1
20,1.25,20.74,78.01,0,0,1.98,1261.5,1
21,1.25,20.74,78.01,0,0,2.04,1312.9,1
22,1.25,20.74,78.01,0,0,2,1370.4,1
23,1.25,20.74,78.01,0,0,2.1,1434.5,1
24,1.25,20.74,78.01,0,0,1.95,1484.1,1
25,1.25,20.74,78.01,0,0,1.89,1484.1,1
26,1.25,20.74,78.01,0,0,2.05,1570.9,1
27,1.25,20.74,78.01,0,0,10.7,922.2,1
28,1.25,20.74,78.01,0,0,9.97,988.9,1
29,1.25,20.74,78.01,0,0,9.42,1011.4,1
30,1.25,20.74,78.01,0,0,9.32,1069.5,1
31,1.25,20.74,78.01,0,0,9.65,1084.4,1
32,1.25,20.74,78.01,0,0,10,1151,1
33,1.25,20.74,78.01,0,0,10.2,1211.2,1
34,1.25,20.74,78.01,0,0,9.91,1290,1
35,1.25,20.74,78.01,0,0,9.44,1355.9,1
36,1.25,20.74,78.01,0,0,10.14,1439.4,1
37,2.47,20.48,77.05,0,0,2,1150.3,2
38,2.47,20.48,77.05,0,0,1.97,1194,2
39,2.47,20.48,77.05,0,0,1.98,1246,2
40,2.47,20.48,77.05,0,0,2.08,1325.5,2
41,2.47,20.48,77.05,0,0,2.08,1426.7,2
42,2.47,20.48,77.05,0,0,1.93,1477.1,2
43,2.47,20.48,77.05,0,0,2,1553.6,2
44,2.47,20.48,77.05,0,0,11.1,1041.4,2
45,2.47,20.48,77.05,0,0,9.55,1080.8,2
46,2.47,20.48,77.05,0,0,10.36,1161.2,2
47,2.47,20.48,77.05,0,0,10.24,1211.5,2
48,2.47,20.48,77.05,0,0,9.43,1332.9,2
49,2.47,20.48,77.05,0,0,9.3,1356.6,2
50,0.65,20.86,78.48,0,0,2.03,1158.8,0.5
51,0.65,20.86,78.48,0,0,1.95,1185.7,0.5
52,0.65,20.86,78.48,0,0,1.91,1195.8,0.5
53,0.65,20.86,78.48,0,0,1.9,1266.4,0.5
54,0.65,20.86,78.48,0,0,2.07,1345.5,0.5
55,0.65,20.86,78.48,0,0,1.96,1386.9,0.5
56,0.65,20.86,78.48,0,0,1.97,1432.7,0.5
57,0.65,20.86,78.48,0,0,1.99,1498.1,0.5
58,0.65,20.86,78.48,0,0,2.02,1513.3,0.5
59,0.65,20.86,78.48,0,0,10.16,1076.9,0.5
60,0.65,20.86,78.48,0,0,10.2,1110.7,0.5
61,0.65,20.86,78.48,0,0,9.57,1172.9,0.5
62,0.65,20.86,78.48,0,0,10.48,1236.1,0.5
63,0.65,20.86,78.48,0,0,10.67,1251.4,0.5
64,0.65,20.86,78.48,0,0,9.82,1289.3,0.5
65,0.65,20.86,78.48,0,0,10.2,1343.6,0.5
66,0.65,20.86,78.48,0,0,10.56,1363.2,0.5
67,0.65,20.86,78.48,0,0,10.5,1373.9,0.5
68,1.3,20.73,77.98,0,0,1.98,1085.9,1
69,1.3,20.73,77.98,0,0,2.06,1115.5,1
70,1.3,20.73,77.98,0,0,2.09,1128,1
71,1.3,20.73,77.98,0,0,1.91,1137.5,1
72,1.3,20.73,77.98,0,0,2.02,1206.8,1
73,1.3,20.73,77.98,0,0,1.91,1273.7,1
74,1.3,20.73,77.98,0,0,1.93,1282,1
75,1.3,20.73,77.98,0,0,2.05,1368,1
76,1.3,20.73,77.98,0,0,2.01,1414.8,1
77,1.3,20.73,77.98,0,0,1.92,1471.3,1
78,1.3,20.73,77.98,0,0,2.04,1519.8,1
79,1.3,20.73,77.98,0,0,2,1600.7,1
80,1.3,20.73,77.98,0,0,1.96,1683.8,1
81,1.3,20.73,77.98,0,0,10.69,1028.1,1
82,1.3,20.73,77.98,0,0,9.69,1058.1,1
83,1.3,20.73,77.98,0,0,10.37,1090.2,1
84,1.3,20.73,77.98,0,0,10.89,1114.9,1
85,1.3,20.73,77.98,0,0,10.31,1124.9,1
86,1.3,20.73,77.98,0,0,9.56,1177.6,1
87,1.3,20.73,77.98,0,0,10.05,1224.6,1
88,1.3,20.73,77.98,0,0,9.59,1247.2,1
89,1.3,20.73,77.98,0,0,10.95,1270,1
90,1.3,20.73,77.98,0,0,10.8,1306.3,1
91,1.3,20.73,77.98,0,0,10.78,1343.2,1
92,2.56,20.46,76.98,0,0,2.07,1169.5,2
93,2.56,20.46,76.98,0,0,2.1,1182.7,2
94,2.56,20.46,76.98,0,0,2.03,1209.3,2
95,2.56,20.46,76.98,0,0,2.1,1284.8,2
96,2.56,20.46,76.98,0,0,2,1300.2,2
97,2.56,20.46,76.98,0,0,1.99,1347,2
98,2.56,20.46,76.98,0,0,2,1402.6,2
99,2.56,20.46,76.98,0,0,2.08,1487.5,2
100,2.56,20.46,76.98,0,0,1.98,1544.4,2
101,2.56,20.46,76.98,0,0,9.68,1020.8,2
102,2.56,20.46,76.98,0,0,10.65,1075,2
103,2.56,20.46,76.98,0,0,9.38,1136.9,2
104,2.56,20.46,76.98,0,0,10.38,1218.1,2
105,2.56,20.46,76.98,0,0,9.63,1279.5,2
106,2.56,20.46,76.98,0,0,10.39,1372.2,2
107,0.64,20.87,78.5,0,0,1.92,1131.9,0.5
108,0.64,20.87,78.5,0,0,2.09,1179.2,0.5
109,0.64,20.87,78.5,0,0,2.1,1229.6,0.5
110,0.64,20.87,78.5,0,0,2.02,1294,0.5
111,0.64,20.87,78.5,0,0,2.09,1336.4,0.5
112,0.64,20.87,78.5,0,0,2.02,1408.6,0.5
113,0.64,20.87,78.5,0,0,2.02,1511.2,0.5
114,0.64,20.87,78.5,0,0,9.42,1025.2,0.5
115,0.64,20.87,78.5,0,0,10.44,1099.3,0.5
116,0.64,20.87,78.5,0,0,10.23,1134.9,0.5
117,0.64,20.87,78.5,0,0,9.78,1174,0.5
118,0.64,20.87,78.5,0,0,9.96,1227.4,0.5
119,0.64,20.87,78.5,0,0,9.99,1266.7,0.5
120,0.64,20.87,78.5,0,0,10.17,1310,0.5
121,0.64,20.87,78.5,0,0,10.14,1357.7,0.5
122,1.27,20.73,78,0,0,2.07,1123.1,1
123,1.27,20.73,78,0,0,2.08,1186.1,1
124,1.27,20.73,78,0,0,2.04,1212.9,1
125,1.27,20.73,78,0,0,2,1251.8,1
126,1.27,20.73,78,0,0,2.09,1251.9,1
127,1.27,20.73,78,0,0,2.02,1308.3,1
128,1.27,20.73,78,0,0,2.02,1409.2,1
129,1.27,20.73,78,0,0,1.9,1456.7,1
130,1.27,20.73,78,0,0,2.06,1532.2,1
131,1.27,20.73,78,0,0,2.09,1591.1,1
132,1.27,20.73,78,0,0,10.07,1052.8,1
133,1.27,20.73,78,0,0,9.57,1087.7,1
134,1.27,20.73,78,0,0,10.21,1129.8,1
135,1.27,20.73,78,0,0,9.25,1161.7,1
136,1.27,20.73,78,0,0,9.47,1202.1,1
137,1.27,20.73,78,0,0,10.14,1307.7,1
138,1.27,20.73,78,0,0,9.55,1371.7,1
139,1.27,20.73,78,0,0,10.63,1470.8,1
140,2.5,20.48,77.03,0,0,2.01,1104.5,2
141,2.5,20.48,77.03,0,0,1.92,1180.5,2
142,2.5,20.48,77.03,0,0,1.97,1223.5,2
143,2.5,20.48,77.03,0,0,2.1,1271.9,2
144,2.5,20.48,77.03,0,0,1.96,1288.7,2
145,2.5,20.48,77.03,0,0,1.93,1377.9,2
146,2.5,20.48,77.03,0,0,2.07,1526.9,2
147,2.5,20.48,77.03,0,0,1.93,1576.1,2
148,2.5,20.48,77.03,0,0,10.23,1038.5,2
149,2.5,20.48,77.03,0,0,10.34,1076,2
150,2.5,20.48,77.03,0,0,10.57,1092.2,2
151,2.5,20.48,77.03,0,0,10.44,1117.9,2
152,2.5,20.48,77.03,0,0,10.22,1170.7,2
153,2.5,20.48,77.03,0,0,10.12,1221.6,2
154,2.5,20.48,77.03,0,0,9.45,1270.7,2
155,2.5,20.48,77.03,0,0,9.48,1320.8,2
156,2.5,20.48,77.03,0,0,10.2,1373.5,2
157,0.64,20.87,78.5,0,0,10.33,1115,0.5
158,0.64,20.87,78.5,0,0,10.84,1137.6,0.5
159,0.64,20.87,78.5,0,0,9.81,1147.1,0.5
160,0.64,20.87,78.5,0,0,9.26,1167.6,0.5
161,0.64,20.87,78.5,0,0,9.81,1190,0.5
162,0.64,20.87,78.5,0,0,10.01,1230.4,0.5
163,0.64,20.87,78.5,0,0,9.57,1274.8,0.5
164,0.64,20.87,78.5,0,0,9.94,1346.6,0.5
165,0.64,20.87,78.5,0,0,10.32,1420.7,0.5
166,0.64,20.87,78.5,0,0,10.3,1521.3,0.5
167,1.27,20.73,78,0,0,10.27,1060.9,1
168,1.27,20.73,78,0,0,9.72,1086.8,1
169,1.27,20.73,78,0,0,10.13,1105.7,1
170,1.27,20.73,78,0,0,10.31,1164.4,1
171,1.27,20.73,78,0,0,9.48,1221.8,1
172,1.27,20.73,78,0,0,10.24,1313.9,1
173,1.27,20.73,78,0,0,9.49,1367.3,1
174,1.27,20.73,78,0,0,9.88,1441.9,1
175,2.5,20.48,77.03,0,0,10.25,1039.5,2
176,2.5,20.48,77.03,0,0,10.34,1063.3,2
177,2.5,20.48,77.03,0,0,10.77,1132.2,2
178,2.5,20.48,77.03,0,0,9.73,1186.5,2
179,2.5,20.48,77.03,0,0,9.73,1285.1,2
180,2.5,20.48,77.03,0,0,9.82,1388.9,2
181,2.5,20.48,77.03,0,0,10.61,1437,2
182,2.5,20.48,77.03,0,0,10.56,1486.1,2
183,0.64,20.87,78.5,0,0,9.85,1093.3,0.5
184,0.64,20.87,78.5,0,0,10.24,1111,0.5
185,0.64,20.87,78.5,0,0,10.25,1161.9,0.5
186,0.64,20.87,78.5,0,0,9.43,1227.4,0.5
187,0.64,20.87,78.5,0,0,10.01,1260.3,0.5
188,0.64,20.87,78.5,0,0,10.26,1315.4,0.5
189,0.64,20.87,78.5,0,0,10.5,1328.8,0.5
190,0.64,20.87,78.5,0,0,10.09,1405.7,0.5
191,0.64,20.87,78.5,0,0,9.59,1470.2,0.5
192,0.64,20.87,78.5,0,0,10.04,1502.8,0.5
193,1.27,20.73,78,0,0,10.55,1072.3,1
194,1.27,20.73,78,0,0,9.84,1091,1
195,1.27,20.73,78,0,0,10.12,1155.7,1
196,1.27,20.73,78,0,0,10.14,1207.1,1
197,1.27,20.73,78,0,0,10.02,1251.1,1
198,1.27,20.73,78,0,0,10.03,1301.8,1
199,1.27,20.73,78,0,0,9.97,1357.9,1
200,1.27,20.73,78,0,0,10.5,1431.9,1
201,1.27,20.73,78,0,0,10.24,1517,1
202,2.5,20.48,77.03,0,0,10.05,1082.1,2
203,2.5,20.48,77.03,0,0,10.35,1114.9,2
204,2.5,20.48,77.03,0,0,9.98,1148.9,2
205,2.5,20.48,77.03,0,0,10.34,1165.2,2
206,2.5,20.48,77.03,0,0,10.06,1253.3,2
207,2.5,20.48,77.03,0,0,9.8,1348.3,2
208,2.5,20.48,77.03,0,0,10.54,1443.5,2
209,2.5,20.48,77.03,0,0,9.91,1493.8,2
210,0.61,20.87,78.52,0,0,2.77,1155,0.5
211,0.61,20.87,78.52,0,0,2.84,1171.5,0.5
212,0.61,20.87,78.52,0,0,3.01,1202.1,0.5
213,0.61,20.87,78.52,0,0,3.22,1237.6,0.5
214,0.61,20.87,78.52,0,0,3.02,1304.5,0.5
215,0.61,20.87,78.52,0,0,3.2,1339.3,0.5
216,0.61,20.87,78.52,0,0,3.05,1411.6,0.5
217,0.61,20.87,78.52,0,0,3.01,1451.9,0.5
218,0.61,20.87,78.52,0,0,3.06,1513.3,0.5
219,0.61,20.87,78.52,0,0,11.2,1261.3,0.5
220,0.61,20.87,78.52,0,0,10.67,1234.3,0.5
221,0.61,20.87,78.52,0,0,10.01,1300.3,0.5
222,0.61,20.87,78.52,0,0,9.73,1087.5,0.5
223,0.61,20.87,78.52,0,0,8.79,1135.3,0.5
224,0.61,20.87,78.52,0,0,9.89,1392.7,0.5
225,0.61,20.87,78.52,0,0,9.98,1448.9,0.5
226,0.61,20.87,78.52,0,0,9.3,1144.2,0.5
227,0.61,20.87,78.52,0,0,9.84,1172,0.5
228,1.25,20.74,78.01,0,0,2.89,1181,1
229,1.25,20.74,78.01,0,0,3.17,1331.5,1
230,1.25,20.74,78.01,0,0,3.32,1466.8,1
231,1.25,20.74,78.01,0,0,2.73,1342.5,1
232,1.25,20.74,78.01,0,0,3,1499.3,1
233,1.25,20.74,78.01,0,0,3.26,1455.1,1
234,1.25,20.74,78.01,0,0,2.97,1293.7,1
235,1.25,20.74,78.01,0,0,3.24,1282.5,1
236,1.25,20.74,78.01,0,0,3.13,1221.3,1
237,1.25,20.74,78.01,0,0,3.1,1156,1
238,1.25,20.74,78.01,0,0,2.92,1383.1,1
239,1.25,20.74,78.01,0,0,10.67,1130.2,1
240,1.25,20.74,78.01,0,0,9.19,1158.2,1
241,1.25,20.74,78.01,0,0,10.38,1065.6,1
242,1.25,20.74,78.01,0,0,10.35,1319.8,1
243,1.25,20.74,78.01,0,0,10.26,1416.4,1
244,1.25,20.74,78.01,0,0,10.05,1202.8,1
245,1.25,20.74,78.01,0,0,9.91,1245.2,1
246,1.25,20.74,78.01,0,0,10.65,1389.2,1
247,2.47,20.48,77.05,0,0,3.3,1248.5,2
248,2.47,20.48,77.05,0,0,3.27,1137.1,2
249,2.47,20.48,77.05,0,0,2.9,1281.7,2
250,2.47,20.48,77.05,0,0,3.16,1328.5,2
251,2.47,20.48,77.05,0,0,2.97,1394.6,2
252,2.47,20.48,77.05,0,0,3.11,1474.3,2
253,2.47,20.48,77.05,0,0,3.09,1214.1,2
254,2.47,20.48,77.05,0,0,2.92,1187,2
255,2.47,20.48,77.05,0,0,9.43,1171.8,2
256,2.47,20.48,77.05,0,0,10.97,1115.8,2
257,2.47,20.48,77.05,0,0,10.34,1063.5,2
258,2.47,20.48,77.05,0,0,10.85,1241.1,2
259,2.47,20.48,77.05,0,0,10.22,1392.9,2
260,2.47,20.48,77.05,0,0,10.54,1329.8,2
261,2.47,20.48,77.05,0,0,10.2,1209.5,2
262,0.64,20.86,78.5,0,0,2.95,1141.1,0.5
263,0.64,20.86,78.5,0,0,3.03,1205.1,0.5
264,0.64,20.86,78.5,0,0,3.05,1259.3,0.5
265,0.64,20.86,78.5,0,0,2.98,1320.9,0.5
266,0.64,20.86,78.5,0,0,3.04,1409,0.5
267,0.64,20.86,78.5,0,0,2.9,1475,0.5
268,0.64,20.86,78.5,0,0,10.03,1081.3,0.5
269,0.64,20.86,78.5,0,0,9.57,1128.9,0.5
270,0.64,20.86,78.5,0,0,9.85,1192.5,0.5
271,0.64,20.86,78.5,0,0,10.35,1248.8,0.5
272,0.64,20.86,78.5,0,0,10.29,1276.1,0.5
273,0.64,20.86,78.5,0,0,10.43,1324.4,0.5
274,0.64,20.86,78.5,0,0,9.7,1380.2,0.5
275,0.64,20.86,78.5,0,0,9.84,1439.1,0.5
276,1.27,20.73,78,0,0,3.02,1173,1
277,1.27,20.73,78,0,0,2.94,1189.2,1
278,1.27,20.73,78,0,0,3.02,1224,1
279,1.27,20.73,78,0,0,2.94,1288.8,1
280,1.27,20.73,78,0,0,3.04,1356.9,1
281,1.27,20.73,78,0,0,3.04,1408.3,1
282,1.27,20.73,78,0,0,3,1499.8,1
283,1.27,20.73,78,0,0,9.91,1096.4,1
284,1.27,20.73,78,0,0,9.93,1146.8,1
285,1.27,20.73,78,0,0,9.86,1192.8,1
286,1.27,20.73,78,0,0,9.98,1248.9,1
287,1.27,20.73,78,0,0,9.99,1299.2,1
288,1.27,20.73,78,0,0,10.2,1361.5,1
289,1.27,20.73,78,0,0,10.06,1423.7,1
290,2.5,20.48,77.02,0,0,2.96,1143.8,2
291,2.5,20.48,77.02,0,0,2.91,1186.2,2
292,2.5,20.48,77.02,0,0,3.04,1257,2
293,2.5,20.48,77.02,0,0,2.96,1313.4,2
294,2.5,20.48,77.02,0,0,2.93,1365.5,2
295,2.5,20.48,77.02,0,0,2.88,1414.1,2
296,2.5,20.48,77.02,0,0,2.97,1494.4,2
297,2.5,20.48,77.02,0,0,9.89,1045.8,2
298,2.5,20.48,77.02,0,0,10.08,1103.4,2
299,2.5,20.48,77.02,0,0,10.07,1173.3,2
300,2.5,20.48,77.02,0,0,10.19,1224.4,2
301,2.5,20.48,77.02,0,0,9.98,1268.7,2
302,2.5,20.48,77.02,0,0,10.44,1323.9,2
303,2.5,20.48,77.02,0,0,10.32,1419,2
304,0.64,20.86,78.5,0,0,10.01,1100.6,0.5
305,0.64,20.86,78.5,0,0,9.92,1146,0.5
306,0.64,20.86,78.5,0,0,9.84,1191.6,0.5
307,0.64,20.86,78.5,0,0,10.18,1269.8,0.5
308,0.64,20.86,78.5,0,0,10.26,1314.7,0.5
309,0.64,20.86,78.5,0,0,9.59,1373.2,0.5
310,0.64,20.86,78.5,0,0,10.49,1431.3,0.5
311,0.64,20.86,78.5,0,0,10.33,1473,0.5
312,1.27,20.73,78,0,0,9.91,1076,1
313,1.27,20.73,78,0,0,10.19,1109.3,1
314,1.27,20.73,78,0,0,9.99,1139.6,1
315,1.27,20.73,78,0,0,10.18,1208.8,1
316,1.27,20.73,78,0,0,9.52,1272.5,1
317,1.27,20.73,78,0,0,10.38,1357.2,1
318,1.27,20.73,78,0,0,10.12,1407.4,1
319,2.5,20.48,77.02,0,0,9.7,1087.3,2
320,2.5,20.48,77.02,0,0,9.57,1130.5,2
321,2.5,20.48,77.02,0,0,9.99,1199.8,2
322,2.5,20.48,77.02,0,0,10.14,1257,2
323,2.5,20.48,77.02,0,0,10.27,1335.4,2
324,2.5,20.48,77.02,0,0,9.97,1398.1,2
325,2.5,20.48,77.02,0,0,10.05,1453.3,2
326,0.64,20.87,78.5,0,0,9.97,1098.5,0.65
327,0.64,20.87,78.5,0,0,10.5,1122.4,0.65
328,0.64,20.87,78.5,0,0,9.29,1163,0.65
329,0.64,20.87,78.5,0,0,9.8,1238.8,0.65
330,0.64,20.87,78.5,0,0,10.18,1360.7,0.65
331,0.64,20.87,78.5,0,0,9.68,1477.3,0.65
332,1.27,20.73,78,0,0,9.43,1074.3,1.25
333,1.27,20.73,78,0,0,10.01,1150.4,1.25
334,1.27,20.73,78,0,0,10.27,1213.6,1.25
335,1.27,20.73,78,0,0,9.92,1295.5,1.25
336,1.27,20.73,78,0,0,10.08,1405.1,1.25
337,1.27,20.73,78,0,0,9.91,1493.3,1.25
338,2.5,20.48,77.03,0,0,10.18,1067,2.5
339,2.5,20.48,77.03,0,0,10.14,1105.7,2.5
340,2.5,20.48,77.03,0,0,10.12,1205.5,2.5
341,2.5,20.48,77.03,0,0,10.12,1306.5,2.5
342,2.5,20.48,77.03,0,0,9.85,1470.2,2.5
343,0.64,20.87,78.5,0,0,9.71,1086.7,0.6
344,0.64,20.87,78.5,0,0,9.77,1138.8,0.6
345,0.64,20.87,78.5,0,0,9.55,1176.8,0.6
346,0.64,20.87,78.5,0,0,9.7,1233.2,0.6
347,0.64,20.87,78.5,0,0,9.69,1330.9,0.6
348,0.64,20.87,78.5,0,0,9.82,1388.7,0.6
349,0.64,20.87,78.5,0,0,9.74,1432.2,0.6
350,1.27,20.73,78,0,0,10.41,1066.5,1.2
351,1.27,20.73,78,0,0,9.72,1112.2,1.2
352,1.27,20.73,78,0,0,9.74,1187,1.2
353,1.27,20.73,78,0,0,9.8,1288.6,1.2
354,1.27,20.73,78,0,0,9.82,1388.8,1.2
355,2.5,20.48,77.03,0,0,10.27,1060.5,2.4
356,2.5,20.48,77.03,0,0,10.16,1106.8,2.4
357,2.5,20.48,77.03,0,0,9.92,1195.9,2.4
358,2.5,20.48,77.03,0,0,9.93,1256.5,2.4
359,2.5,20.48,77.03,0,0,10.56,1329.9,2.4
360,2.5,20.48,77.03,0,0,9.69,1449.5,2.4
361,0.346,20.94,78.72,0,0,21.1,892,0.25
362,0.346,20.94,78.72,0,0,20.8,897,0.25
363,0.346,20.94,78.72,0,0,20.3,920,0.25
364,0.346,20.94,78.72,0,0,18.9,924,0.25
365,0.346,20.94,78.72,0,0,19.1,953,0.25
366,0.346,20.94,78.72,0,0,21.5,979,0.25
367,0.346,20.94,78.72,0,0,21.3,1016,0.25
368,0.346,20.94,78.72,0,0,18.7,1041,0.25
369,0.346,20.94,78.72,0,0,22.3,1055,0.25
370,0.346,20.94,78.72,0,0,21.1,1080,0.25
371,0.346,20.94,78.72,0,0,20.4,1092,0.25
372,0.346,20.94,78.72,0,0,21.9,1127,0.25
373,0.346,20.94,78.72,0,0,20.7,1133,0.25
374,0.346,20.94,78.72,0,0,20.9,1179,0.25
375,0.346,20.94,78.72,0,0,21.1,1230,0.25
376,0.346,20.94,78.72,0,0,20.4,1259,0.25
377,0.346,20.94,78.72,0,0,20.5,1305,0.25
378,0.689,20.86,78.45,0,0,20.6,707,0.5
379,0.689,20.86,78.45,0,0,20.8,743,0.5
380,0.689,20.86,78.45,0,0,19.6,785,0.5
381,0.689,20.86,78.45,0,0,21.4,830,0.5
382,0.689,20.86,78.45,0,0,21.6,854,0.5
383,0.689,20.86,78.45,0,0,18.3,879,0.5
384,0.689,20.86,78.45,0,0,21,930,0.5
385,0.689,20.86,78.45,0,0,20.1,950,0.5
386,0.689,20.86,78.45,0,0,18.5,995,0.5
387,0.689,20.86,78.45,0,0,19.8,1017,0.5
388,0.689,20.86,78.45,0,0,17.5,1031,0.5
389,0.689,20.86,78.45,0,0,20.1,1049,0.5
390,0.689,20.86,78.45,0,0,19,1052,0.5
391,0.689,20.86,78.45,0,0,20.8,1083,0.5
392,0.689,20.86,78.45,0,0,20.2,1113,0.5
393,0.689,20.86,78.45,0,0,20.3,1125,0.5
394,0.689,20.86,78.45,0,0,21,1160,0.5
395,0.689,20.86,78.45,0,0,19,1179,0.5
396,0.689,20.86,78.45,0,0,22.5,1182,0.5
397,0.689,20.86,78.45,0,0,21.9,1196,0.5
398,0.689,20.86,78.45,0,0,20.5,1215,0.5
399,0.689,20.86,78.45,0,0,21.8,1263,0.5
400,0.689,20.86,78.45,0,0,21.7,1273,0.5
401,0.689,20.86,78.45,0,0,21.4,1304,0.5
402,1.368,20.72,77.91,0,0,8,848,1
403,1.368,20.72,77.91,0,0,7.7,866,1
404,1.368,20.72,77.91,0,0,8.3,906,1
405,1.368,20.72,77.91,0,0,8.8,907,1
406,1.368,20.72,77.91,0,0,8.4,949,1
407,1.368,20.72,77.91,0,0,8.4,968,1
408,1.368,20.72,77.91,0,0,8.3,983,1
409,1.368,20.72,77.91,0,0,8.4,1003,1
410,1.368,20.72,77.91,0,0,8.1,1018,1
411,1.368,20.72,77.91,0,0,7.9,1022,1
412,1.368,20.72,77.91,0,0,8.3,1052,1
413,1.368,20.72,77.91,0,0,8,1089,1
414,1.368,20.72,77.91,0,0,7.8,1097,1
415,1.368,20.72,77.91,0,0,6.7,1099,1
416,1.368,20.72,77.91,0,0,6.1,1143,1
417,1.368,20.72,77.91,0,0,7.3,1233,1
418,1.368,20.72,77.91,0,0,8.3,1270,1
419,1.368,20.72,77.91,0,0,8.3,1327,1
420,1.368,20.72,77.91,0,0,8.2,1381,1
421,1.368,20.72,77.91,0,0,12.7,744,1
422,1.368,20.72,77.91,0,0,11.3,754,1
423,1.368,20.72,77.91,0,0,10.7,792,1
424,1.368,20.72,77.91,0,0,11.6,823,1
425,1.368,20.72,77.91,0,0,10.1,866,1
426,1.368,20.72,77.91,0,0,11.5,904,1
427,1.368,20.72,77.91,0,0,10.4,905,1
428,1.368,20.72,77.91,0,0,12,937,1
429,1.368,20.72,77.91,0,0,12,978,1
430,1.368,20.72,77.91,0,0,10.1,987,1
431,1.368,20.72,77.91,0,0,11.6,1021,1
432,1.368,20.72,77.91,0,0,12.1,1032,1
433,1.368,20.72,77.91,0,0,11.5,1046,1
434,1.368,20.72,77.91,0,0,11.2,1077,1
435,1.368,20.72,77.91,0,0,10.6,1136,1
436,1.368,20.72,77.91,0,0,10.3,1154,1
437,1.368,20.72,77.91,0,0,9.6,1210,1
438,1.368,20.72,77.91,0,0,9,1240,1
439,1.368,20.72,77.91,0,0,9,1313,1
440,1.368,20.72,77.91,0,0,20.8,674,1
441,1.368,20.72,77.91,0,0,21.8,680,1
442,1.368,20.72,77.91,0,0,21.3,681,1
443,1.368,20.72,77.91,0,0,23.5,700,1
444,1.368,20.72,77.91,0,0,23.7,703,1
445,1.368,20.72,77.91,0,0,23.4,704,1
446,1.368,20.72,77.91,0,0,24.3,717,1
447,1.368,20.72,77.91,0,0,20,723,1
448,1.368,20.72,77.91,0,0,23.7,737,1
449,1.368,20.72,77.91,0,0,20.9,750,1
450,1.368,20.72,77.91,0,0,20.8,753,1
451,1.368,20.72,77.91,0,0,21.2,755,1
452,1.368,20.72,77.91,0,0,20.5,757,1
453,1.368,20.72,77.91,0,0,23,797,1
454,1.368,20.72,77.91,0,0,24.8,797,1
455,1.368,20.72,77.91,0,0,21.5,802,1
456,1.368,20.72,77.91,0,0,23.2,803,1
457,1.368,20.72,77.91,0,0,22.1,815,1
458,1.368,20.72,77.91,0,0,19.1,820,1
459,1.368,20.72,77.91,0,0,21.2,826,1
460,1.368,20.72,77.91,0,0,21.7,831,1
461,1.368,20.72,77.91,0,0,20.5,836,1
462,1.368,20.72,77.91,0,0,20.9,845,1
463,1.368,20.72,77.91,0,0,21.2,849,1
464,1.368,20.72,77.91,0,0,22.1,849,1
465,1.368,20.72,77.91,0,0,21.8,851,1
466,1.368,20.72,77.91,0,0,22.8,871,1
467,1.368,20.72,77.91,0,0,21.6,882,1
468,1.368,20.72,77.91,0,0,21.5,904,1
469,1.368,20.72,77.91,0,0,20.9,931,1
470,1.368,20.72,77.91,0,0,22.7,940,1
471,1.368,20.72,77.91,0,0,21.1,955,1
472,1.368,20.72,77.91,0,0,21.7,973,1
473,1.368,20.72,77.91,0,0,19.9,984,1
474,1.368,20.72,77.91,0,0,18.9,991,1
475,1.368,20.72,77.91,0,0,19.2,1025,1
476,1.368,20.72,77.91,0,0,16.7,1043,1
477,1.368,20.72,77.91,0,0,21.6,1046,1
478,1.368,20.72,77.91,0,0,21,1050,1
479,1.368,20.72,77.91,0,0,19.3,1072,1
480,1.368,20.72,77.91,0,0,19.1,1083,1
481,1.368,20.72,77.91,0,0,18.4,1092,1
482,1.368,20.72,77.91,0,0,16.9,1100,1
483,1.368,20.72,77.91,0,0,18.2,1106,1
484,1.368,20.72,77.91,0,0,18.1,1109,1
485,1.368,20.72,77.91,0,0,17.7,1117,1
486,1.368,20.72,77.91,0,0,19.2,1126,1
487,1.368,20.72,77.91,0,0,18.7,1138,1
488,1.368,20.72,77.91,0,0,18.1,1143,1
489,1.368,20.72,77.91,0,0,17.2,1145,1
490,1.368,20.72,77.91,0,0,18.1,1177,1
491,1.368,20.72,77.91,0,0,16.3,1187,1
492,1.368,20.72,77.91,0,0,16.5,1197,1
493,1.368,20.72,77.91,0,0,16.8,1222,1
494,1.368,20.72,77.91,0,0,36.6,741,1
495,1.368,20.72,77.91,0,0,40.3,763,1
496,1.368,20.72,77.91,0,0,38.5,812,1
497,1.368,20.72,77.91,0,0,36,832,1
498,1.368,20.72,77.91,0,0,40.1,848,1
499,1.368,20.72,77.91,0,0,36.9,852,1
500,1.368,20.72,77.91,0,0,36.9,854,1
501,1.368,20.72,77.91,0,0,35.7,855,1
502,1.368,20.72,77.91,0,0,39.3,888,1
503,1.368,20.72,77.91,0,0,38.1,896,1
504,1.368,20.72,77.91,0,0,34.5,904,1
505,1.368,20.72,77.91,0,0,39.9,916,1
506,1.368,20.72,77.91,0,0,36.5,945,1
507,1.368,20.72,77.91,0,0,41.1,964,1
508,1.368,20.72,77.91,0,0,40.2,978,1
509,1.368,20.72,77.91,0,0,38.8,1007,1
510,1.368,20.72,77.91,0,0,40.3,1008,1
511,1.368,20.72,77.91,0,0,38.8,1021,1
512,1.368,20.72,77.91,0,0,38.6,1030,1
513,1.368,20.72,77.91,0,0,40.9,1034,1
514,1.368,20.72,77.91,0,0,38.5,1054,1
515,1.368,20.72,77.91,0,0,40.2,1103,1
516,1.368,20.72,77.91,0,0,39.6,1132,1
517,1.368,20.72,77.91,0,0,40.3,1161,1
518,1.368,20.72,77.91,0,0,40.9,1162,1
519,1.368,20.72,77.91,0,0,38.7,1163,1
520,1.368,20.72,77.91,0,0,40.9,1224,1
521,1.368,20.72,77.91,0,0,38.8,1229,1
522,2.038,20.58,77.38,0,0,19.8,662,1.5
523,2.038,20.58,77.38,0,0,20,670,1.5
524,2.038,20.58,77.38,0,0,20.1,672,1.5
525,2.038,20.58,77.38,0,0,21.1,684,1.5
526,2.038,20.58,77.38,0,0,18.8,701,1.5
527,2.038,20.58,77.38,0,0,23,706,1.5
528,2.038,20.58,77.38,0,0,23.5,710,1.5
529,2.038,20.58,77.38,0,0,19.7,717,1.5
530,2.038,20.58,77.38,0,0,21.1,724,1.5
531,2.038,20.58,77.38,0,0,18.7,743,1.5
532,2.038,20.58,77.38,0,0,19.6,759,1.5
533,2.038,20.58,77.38,0,0,20.6,774,1.5
534,2.038,20.58,77.38,0,0,21,810,1.5
535,2.038,20.58,77.38,0,0,18.4,813,1.5
536,2.038,20.58,77.38,0,0,19.6,832,1.5
537,2.038,20.58,77.38,0,0,19.1,837,1.5
538,2.038,20.58,77.38,0,0,19.2,854,1.5
539,2.038,20.58,77.38,0,0,22.2,880,1.5
540,2.038,20.58,77.38,0,0,23.4,894,1.5
541,2.038,20.58,77.38,0,0,20.4,901,1.5
542,2.038,20.58,77.38,0,0,20.5,910,1.5
543,2.038,20.58,77.38,0,0,20.2,972,1.5
544,2.038,20.58,77.38,0,0,23.2,989,1.5
545,2.038,20.58,77.38,0,0,18.9,1004,1.5
546,2.038,20.58,77.38,0,0,21.2,1014,1.5
547,2.038,20.58,77.38,0,0,21.7,1014,1.5
548,2.038,20.58,77.38,0,0,20.9,1020,1.5
549,2.038,20.58,77.38,0,0,20.4,1021,1.5
550,2.038,20.58,77.38,0,0,22.4,1049,1.5
551,2.038,20.58,77.38,0,0,21.9,1075,1.5
552,2.038,20.58,77.38,0,0,22.3,1088,1.5
553,2.038,20.58,77.38,0,0,21.9,1101,1.5
554,2.038,20.58,77.38,0,0,23.4,1121,1.5
555,2.038,20.58,77.38,0,0,20.5,1142,1.5
556,2.038,20.58,77.38,0,0,18.9,1132,1.5
557,2.038,20.58,77.38,0,0,20.3,1157,1.5
558,2.038,20.58,77.38,0,0,19.9,1160,1.5
559,2.038,20.58,77.38,0,0,21.1,1185,1.5
560,1.171,20.76,78.07,0,0,20.2,673,1
561,1.171,20.76,78.07,0,0,22.5,700,1
562,1.171,20.76,78.07,0,0,20.6,717,1
563,1.171,20.76,78.07,0,0,20.1,732,1
564,1.171,20.76,78.07,0,0,19.6,759,1
565,1.171,20.76,78.07,0,0,20.3,804,1
566,1.171,20.76,78.07,0,0,20,832,1
567,1.171,20.76,78.07,0,0,19.8,857,1
568,1.171,20.76,78.07,0,0,18.7,870,1
569,1.171,20.76,78.07,0,0,18.7,926,1
570,1.171,20.76,78.07,0,0,20.9,942,1
571,1.171,20.76,78.07,0,0,20.1,956,1
572,1.171,20.76,78.07,0,0,19.6,1016,1
573,1.171,20.76,78.07,0,0,24,1044,1
574,1.171,20.76,78.07,0,0,20.8,1046,1
575,1.171,20.76,78.07,0,0,20,1066,1
576,1.171,20.76,78.07,0,0,19,1086,1
577,1.171,20.76,78.07,0,0,20.3,1119,1
578,1.171,20.76,78.07,0,0,19.8,1142,1
579,1.171,20.76,78.07,0,0,19.8,1179,1
580,1.171,20.76,78.07,0,0,20,1180,1
581,1.171,20.76,78.07,0,0,20.8,1260,1
582,1.286,20.74,77.97,0,0,19.2,651,1
583,1.286,20.74,77.97,0,0,19.8,689,1
584,1.286,20.74,77.97,0,0,18.5,715,1
585,1.286,20.74,77.97,0,0,20.6,733,1
586,1.286,20.74,77.97,0,0,18,808,1
587,1.286,20.74,77.97,0,0,21.4,811,1
588,1.286,20.74,77.97,0,0,21,880,1
589,1.286,20.74,77.97,0,0,20.2,904,1
590,1.286,20.74,77.97,0,0,22.5,942,1
591,1.286,20.74,77.97,0,0,21.8,1003,1
592,1.286,20.74,77.97,0,0,21.4,1072,1
593,1.286,20.74,77.97,0,0,22.3,1097,1
594,1.286,20.74,77.97,0,0,19.2,1112,1
595,1.286,20.74,77.97,0,0,19,1212,1
596,1.286,20.74,77.97,0,0,19.9,1290,1
597,1.258,20.74,78,0,0,21.5,681,1
598,1.258,20.74,78,0,0,20.4,687,1
599,1.258,20.74,78,0,0,20.4,734,1
600,1.258,20.74,78,0,0,20.6,805,1
601,1.258,20.74,78,0,0,20,869,1
602,1.258,20.74,78,0,0,20.2,914,1
603,1.258,20.74,78,0,0,20.2,977,1
604,1.258,20.74,78,0,0,20,989,1
605,1.258,20.74,78,0,0,20.4,1033,1
606,1.258,20.74,78,0,0,21.5,1080,1
607,1.258,20.74,78,0,0,20.3,1151,1
608,1.258,20.74,78,0,0,20.5,1213,1
609,1.258,20.74,78,0,0,20.8,1252,1
610,1.258,20.74,78,0,0,21.9,1323,1
611,0.59,20.88,78.53,0,0,10.88,921.5,0.5
612,0.59,20.88,78.53,0,0,10.88,968.9,0.5
613,0.59,20.88,78.53,0,0,10.88,1017.8,0.5
614,0.59,20.88,78.53,0,0,10.88,1084.6,0.5
615,0.59,20.88,78.53,0,0,10.88,1147.6,0.5
616,0.59,20.88,78.53,0,0,10.88,1237.2,0.5
617,0.59,20.88,78.53,0,0,10.88,1301.4,0.5
618,0.59,20.88,78.53,0,0,10.88,785.2,0.5
619,0.59,20.88,78.53,0,0,10.88,844.1,0.5
620,0.59,20.88,78.53,0,0,10.88,881.9,0.5
621,0.59,20.88,78.53,0,0,10.88,933,0.5
622,0.59,20.88,78.53,0,0,10.88,952.6,0.5
623,0.59,20.88,78.53,0,0,10.88,1161.7,0.5
624,0.59,20.88,78.53,0,0,10.88,965.6,0.5
625,0.59,20.88,78.53,0,0,10.88,999.8,0.5
626,0.59,20.88,78.53,0,0,10.88,1066.1,0.5
627,0.59,20.88,78.53,0,0,10.88,1233.8,0.5
628,1.18,20.75,78.07,0,0,10.88,773.2,1
629,1.18,20.75,78.07,0,0,10.88,829,1
630,1.18,20.75,78.07,0,0,10.88,891.7,1
631,1.18,20.75,78.07,0,0,10.88,952.1,1
632,1.18,20.75,78.07,0,0,10.88,996.1,1
633,1.18,20.75,78.07,0,0,10.88,1047.1,1
634,1.18,20.75,78.07,0,0,10.88,1102,1
635,1.18,20.75,78.07,0,0,10.88,1141.7,1
636,1.18,20.75,78.07,0,0,10.88,1226.5,1
637,1.76,20.63,77.61,0,0,10.88,795.9,1.5
638,1.76,20.63,77.61,0,0,10.88,749.4,1.5
639,1.76,20.63,77.61,0,0,10.88,832.7,1.5
640,1.76,20.63,77.61,0,0,10.88,883.7,1.5
641,1.76,20.63,77.61,0,0,10.88,960.8,1.5
642,1.76,20.63,77.61,0,0,10.88,962.7,1.5
643,1.76,20.63,77.61,0,0,10.88,1034.9,1.5
644,1.76,20.63,77.61,0,0,10.88,1109.6,1.5
645,1.76,20.63,77.61,0,0,10.88,1225.8,1.5
646,0.59,10.44,88.97,0,0,10.88,817,1
647,0.59,10.44,88.97,0,0,10.88,864.4,1
648,0.59,10.44,88.97,0,0,10.88,904.5,1
649,0.59,10.44,88.97,0,0,10.88,922.1,1
650,0.59,10.44,88.97,0,0,10.88,1157,1
651,0.59,10.44,88.97,0,0,10.88,958.6,1
652,0.59,10.44,88.97,0,0,10.88,1044.6,1
653,0.59,10.44,88.97,0,0,10.88,1295.3,1
654,0.59,10.44,88.97,0,0,10.88,901.8,1
655,0.59,10.44,88.97,0,0,10.88,908.8,1
656,0.59,10.44,88.97,0,0,10.88,947.6,1
657,0.59,10.44,88.97,0,0,10.88,1008.5,1
658,0.59,10.44,88.97,0,0,10.88,1099.5,1
659,0.59,10.44,88.97,0,0,10.88,1185.7,1
660,0.59,10.44,88.97,0,0,10.88,1302,1
661,0.59,10.44,88.97,0,0,10.88,1397.4,1
662,0.59,10.44,88.97,0,0,10.88,958.6,1
663,0.59,10.44,88.97,0,0,10.88,907,1
664,0.59,10.44,88.97,0,0,10.88,1004.5,1
665,0.59,10.44,88.97,0,0,10.88,1059.8,1
666,0.59,10.44,88.97,0,0,10.88,1118.9,1
667,0.59,10.44,88.97,0,0,10.88,1211.9,1
668,0.59,10.44,88.97,0,0,10.88,1335.3,1
669,0.59,10.44,88.97,0,0,10.88,1437.1,1
670,0.59,6.96,92.45,0,0,10.88,900.7,1.5
671,0.59,6.96,92.45,0,0,10.88,939.4,1.5
672,0.59,6.96,92.45,0,0,10.88,1030.8,1.5
673,0.59,6.96,92.45,0,0,10.88,979,1.5
674,0.59,6.96,92.45,0,0,10.88,1129.6,1.5
675,0.59,6.96,92.45,0,0,10.88,1065.3,1.5
676,0.59,6.96,92.45,0,0,10.88,1272.7,1.5
677,0.59,6.96,92.45,0,0,10.88,1191.8,1.5
678,0.59,6.96,92.45,0,0,10.88,1039,1.5
679,0.59,6.96,92.45,0,0,10.88,1103.6,1.5
680,0.59,6.96,92.45,0,0,10.88,1174.3,1.5
681,0.59,6.96,92.45,0,0,10.88,1280.4,1.5
682,0.59,6.96,92.45,0,0,10.88,1372.3,1.5
683,0.59,6.96,92.45,0,0,10.88,1058,1.5
684,0.59,6.96,92.45,0,0,10.88,1122.3,1.5
685,0.59,6.96,92.45,0,0,10.88,1197.7,1.5
686,0.59,6.96,92.45,0,0,10.88,1256.5,1.5
687,0.59,6.96,92.45,0,0,10.88,1251.7,1.5
688,0.59,6.96,92.45,0,0,10.88,1329.9,1.5
689,0.39,20.93,78.68,0,0,14.1,1169,0.3
690,0.39,20.93,78.68,0,0,15.2,1105.4,0.3
691,0.39,20.93,78.68,0,0,16.3,1034.3,0.3
692,0.39,20.93,78.68,0,0,29.6,1195.6,0.3
693,0.39,20.93,78.68,0,0,28.9,1171.8,0.3
694,0.39,20.93,78.68,0,0,27.5,1061.5,0.3
695,0.39,20.93,78.68,0,0,25.9,1036.8,0.3
696,0.39,20.93,78.68,0,0,28.1,974.5,0.3
697,0.39,20.93,78.68,0,0,24.8,928.5,0.3
698,0.39,20.93,78.68,0,0,27.7,874.9,0.3
699,0.39,20.93,78.68,0,0,30.4,854.6,0.3
700,0.39,20.93,78.68,0,0,25.5,848.4,0.3
701,0.39,20.93,78.68,0,0,31.5,814.8,0.3
702,1.28,20.74,77.98,0,0,16.8,1235.7,1
703,1.28,20.74,77.98,0,0,14.9,1174.3,1
704,1.28,20.74,77.98,0,0,16.1,1110.6,1
705,1.28,20.74,77.98,0,0,15.7,998.1,1
706,1.28,20.74,77.98,0,0,14.7,876.9,1
707,1.28,20.74,77.98,0,0,15.3,838.4,1
708,1.28,20.74,77.98,0,0,13.1,750,1
709,1.28,20.74,77.98,0,0,14.9,734.3,1
710,1.28,20.74,77.98,0,0,16.3,704.3,1
711,1.28,20.74,77.98,0,0,16.2,702.1,1
712,1.28,20.74,77.98,0,0,31,1194.5,1
713,1.28,20.74,77.98,0,0,30.5,1087.2,1
714,1.28,20.74,77.98,0,0,30.5,998,1
715,1.28,20.74,77.98,0,0,29.4,925.7,1
716,1.28,20.74,77.98,0,0,29,872.6,1
717,1.276,20.74,77.984,0,0,23.3,874,1
718,1.276,20.74,77.984,0,0,25.1,880,1
719,1.276,20.74,77.984,0,0,31.4,934,1
720,1.276,20.74,77.984,0,0,24,952,1
721,1.276,20.74,77.984,0,0,22.5,958,1
722,1.276,20.74,77.984,0,0,21.7,963,1
723,1.276,20.74,77.984,0,0,32.5,974,1
724,1.276,20.74,77.984,0,0,21.3,987,1
725,1.276,20.74,77.984,0,0,32.1,997,1
726,1.276,20.74,77.984,0,0,36.1,1022,1
727,1.276,20.74,77.984,0,0,21.9,1035,1
728,1.276,20.74,77.984,0,0,22,1042,1
729,1.276,20.74,77.984,0,0,28.3,1073,1
730,1.276,20.74,77.984,0,0,24.8,1130,1
731,1.276,20.74,77.984,0,0,29.4,1145,1
732,1.276,20.74,77.984,0,0,27,1192,1
733,1.276,20.74,77.984,0,0,29.2,1220,1
734,1.276,20.74,77.984,0,0,49.3,961,1
735,1.276,20.74,77.984,0,0,50.9,1009,1
736,1.276,20.74,77.984,0,0,50.5,1090,1
737,1.276,20.74,77.984,0,0,47.8,1124,1
738,0.615,10,89.385,0,0,18.9,1025,1
739,0.615,10,89.385,0,0,17.5,1057,1
740,0.615,10,89.385,0,0,19.7,1067,1
741,0.615,10,89.385,0,0,17.7,1072,1
742,0.615,10,89.385,0,0,18.3,1081,1
743,0.615,10,89.385,0,0,20.2,1092,1
744,0.615,10,89.385,0,0,17.7,1111,1
745,0.615,10,89.385,0,0,17.3,1124,1
746,0.615,10,89.385,0,0,17.7,1127,1
747,1.276,20.74,77.984,0,0,21.7,715,1
748,1.276,20.74,77.984,0,0,21.8,753,1
749,1.276,20.74,77.984,0,0,21.5,763,1
750,1.276,20.74,77.984,0,0,19.4,774,1
751,1.276,20.74,77.984,0,0,21.1,785,1
752,1.276,20.74,77.984,0,0,19.7,786,1
753,1.276,20.74,77.984,0,0,20.8,808,1
754,0.642,20.87,78.488,0,0,19.6,970,0.5
755,0.642,20.87,78.488,0,0,21,1032,0.5
756,0.642,20.87,78.488,0,0,19.9,1039,0.5
757,0.642,20.87,78.488,0,0,19.9,1081,0.5
758,0.642,20.87,78.488,0,0,22.2,1081,0.5
759,0.642,20.87,78.488,0,0,22.1,1187,0.5
760,1.276,20.74,77.984,0,0,26.4,1000,1
761,1.276,20.74,77.984,0,0,26.2,1100,1
762,1.276,20.74,77.984,0,0,25.5,1137,1
763,1.276,20.74,77.984,0,0,21.8,1145,1
764,1.276,20.74,77.984,0,0,26.1,1172,1
765,1.276,20.74,77.984,0,0,21.9,1187,1
766,1.276,20.74,77.984,0,0,22.2,1194,1
767,1.276,20.74,77.984,0,0,23.7,1229,1
768,1.1282,21,77.8718,0,0,2.69,1290,1.01
769,1.117,21,77.883,0,0,3.08,1232,1
770,1.1058,21,77.8942,0,0,2.99,1147,0.99
771,1.1058,21,77.8942,0,0,3.09,1210,0.99
772,1.0723,21,77.9277,0,0,2.52,1331,0.96
773,1.1952,21,77.8048,0,0,3.23,1221,1.07
774,1.0947,21,77.9053,0,0,6.64,1363,0.98
775,1.1393,21,77.8607,0,0,6.08,1244,1.02
776,1.1729,21,77.8272,0,0,6.81,1364,1.05
777,1.1282,21,77.8718,0,0,6.26,1168,1.01
778,1.1952,21,77.8048,0,0,7.39,1168,1.07
779,1.2399,21,77.7601,0,0,7.69,1127,1.11
780,1.2846,21,77.7155,0,0,8.27,1070,1.15
781,1.3627,21,77.6373,0,0,7.34,1217,1.22
782,1.0723,21,77.9277,0,0,8.15,1069,0.96
783,1.117,21,77.883,0,0,8.07,1070,1
784,0.5027,21,78.4974,0,0,6.59,1278,0.45
785,0.5585,21,78.4415,0,0,7.37,1173,0.5
786,0.6032,21,78.3968,0,0,7.74,1126,0.54
787,0.6367,21,78.3633,0,0,8.19,1053,0.57
788,2.4462,21,76.5538,0,0,8.2,1070,2.19
789,1.3828,21,77.6172,0,0,5.98,1201,1.07
790,1.4603,21,77.5397,0,0,6.12,1167,1.13
791,1.4732,21,77.5268,0,0,6.01,1128,1.14
792,1.3064,21,77.6936,0,0,5.92,1232,0.93
793,1.6575,21,77.3425,0,0,6.04,1175,1.18
794,1.798,21,77.202,0,0,5.98,1193,1.28
795,1.9104,21,77.0896,0,0,5.57,1065,1.36
796,1.5732,21,77.4268,0,0,6.17,1136,1.12
797,1.2034,21,77.7966,0,0,6.14,1210,1
798,1.0951,21,77.9049,0,0,6.27,1148,0.91
799,1.6246,21,77.3754,0,0,5.73,1055,1.35
800,1.408,21,77.592,0,0,6.36,1123,1.17
801,0.9463,21,78.0537,0,0,5.26,1095,0.81
802,1.3085,21,77.6915,0,0,5.23,1162,1.12
803,1.3085,21,77.6915,0,0,5.22,1225,1.12
804,1.0982,21,77.9018,0,0,5.76,1165,0.94
805,1.0398,21,77.9602,0,0,5.77,1133,0.89
806,1.6929,21,0,77.3071,0,16.1,1220,1.31
807,1.9772,21,0,77.0228,0,17.9,1120,1.53
808,1.8351,21,0,77.1649,0,17,1188,1.42
809,0.7754,21,0,78.2246,0,17.26,1054,0.6
810,1.0855,21,0,77.9145,0,17.3,1140,0.84
811,1.3957,21,0,77.6043,0,18.1,1105,1.08
812,1.3569,21,0,77.6431,0,18.2,1112,1.05
813,1.512,21,0,77.488,0,17.9,1108,1.17
814,1.3698,21,0,77.6302,0,34.11,1107,1.06
815,1.2535,21,0,77.7465,0,33.85,1092,0.97
816,1.2148,21,0,77.7852,0,34.59,1080,0.94
817,1.4215,21,0,77.5785,0,35.95,1022,1.1
818,0.2511,4,0,95.7489,0,11.96,1286,1.02
819,0.256,4,0,95.744,0,12.4,1205,1.04
820,0.2585,4,0,95.7415,0,12.26,1244,1.05
821,0.256,4,0,95.744,0,12.55,1155,1.04
822,0.2634,4,0,95.7366,0,12.42,1181,1.07
823,0.2732,4,0,95.7268,0,12.22,1290,1.11
824,0.2511,4,0,95.7489,0,12.35,1154,1.02
825,0.2486,4,0,95.7514,0,12.66,1240,1.01
826,0.2486,4,0,95.7514,0,12.87,1173,1.01
827,0.2732,4,0,95.7268,0,15.12,1317,1.11
828,0.2511,4,0,95.7489,0,14.8,1374,1.02
829,0.2732,4,0,95.7268,0,15.42,1274,1.11
830,0.2806,4,0,95.7194,0,15.56,1229,1.14
831,0.2757,4,0,95.7243,0,15.83,1198,1.12
832,0.2782,4,0,95.7218,0,15.98,1154,1.13
833,0.1058,4,0,95.8942,0,12.54,1231,0.43
834,0.1206,4,0,95.8794,0,12.65,1193,0.49
835,0.1206,4,0,95.8794,0,12.82,1182,0.49
836,0.1231,4,0,95.8769,0,13,1157,0.5
837,0.1206,4,0,95.8794,0,12.24,1284,0.49
838,0.1182,4,0,95.8818,0,12.16,1334,0.48
839,0.5268,4,0,95.4732,0,12.59,1186,2.14
840,0.5095,4,0,95.4905,0,12.27,1243,2.07
841,0.5268,4,0,95.4732,0,11.87,1324,2.14
842,0.5194,4,0,95.4806,0,12.4,1169,2.11
843,0.512,4,0,95.488,0,12.1,1248,2.08
844,0.5169,4,0,95.4831,0,11.61,1330,2.1
845,0.3077,4,0,95.6923,0,53.8,1110,1.25
846,0.2978,4,0,95.7022,0,50.09,1147,1.21
847,0.2978,4,0,95.7022,0,49.28,1235,1.21
848,0.2585,4,0,95.7415,0,51.99,1067,1.05
849,0.2609,4,0,95.7391,0,52.21,1030,1.06
850,1.2637,20.7429,77.9934,0,0,11.25,1169,0.99
851,1.1122,20.7747,78.113,0,0,11.89,1103,0.87
852,1.2007,20.7562,78.0432,0,0,12.8,1050,0.94
853,1.5402,20.6848,77.7749,0,0,11.35,1034,1.21
854,1.0996,20.7774,78.123,0,0,10.45,1174,0.86
855,1.2259,20.7509,78.0232,0,0,10.54,1162,0.96
856,1.2385,20.7482,78.0133,0,0,11.59,1052,0.97
857,1.3141,20.7323,77.9536,0,0,11.25,1101,1.03
858,1.3015,20.735,77.9635,0,0,10.57,1201,1.02
859,0.4761,20.9084,78.6155,0,0,10.34,1256,0.37
860,0.5401,20.8949,78.565,0,0,11.2,1161,0.42
861,0.5273,20.8976,78.5751,0,0,10.9,1148,0.41
862,0.5145,20.9003,78.5852,0,0,11.42,1087,0.4
863,0.5273,20.8976,78.5751,0,0,11.28,1120,0.41
864,0.4889,20.9057,78.6054,0,0,10.57,1200,0.38
865,1.087,20.7801,78.133,0,0,14.8,1008,0.85
866,1.2637,20.7429,77.9934,0,0,14.1,1109,0.99
867,1.2385,20.7482,78.0133,0,0,13,1247,0.97
868,1.3519,20.7244,77.9237,0,0,34.11,1107,1.06
869,1.2007,20.7562,78.0432,0,0,34.59,1080,0.94
870,1.4022,20.7138,77.884,0,0,35.95,1022,1.1
871,0.4761,20.9084,78.6155,0,0,10.34,1256,0.37
872,0.5401,20.8949,78.565,0,0,11.2,1161,0.42
873,0.5273,20.8976,78.5751,0,0,10.9,1148,0.41
874,0.5145,20.9003,78.5852,0,0,11.42,1087,0.4
875,0.5273,20.8976,78.5751,0,0,11.28,1120,0.41
876,0.4889,20.9057,78.6054,0,0,10.57,1200,0.38
877,0.9554,21,0,78.0446,0,15.8,1153,0.77
878,1.3897,21,0,77.6103,0,16.6,1072,1.12
879,1.4517,21,0,77.5483,0,17.05,1051,1.17
880,0.9182,21,0,78.0818,0,15.7,1209,0.74
881,1.3276,21,0,77.6724,0,16.4,1117,1.07
882,1.3897,21,0,77.6103,0,16.66,1073,1.12
883,0.943,21,0,78.057,0,15.8,1110,0.76
884,1.551,21,0,77.449,0,16.35,1126,1.25
885,1.6254,21,0,77.3746,0,16.6,1112,1.31
886,0.9926,21,0,78.0074,0,16.8,1051,0.8
887,0.2434,4,0,95.7566,0,12.81,1239,1.03
888,0.2482,4,0,95.7518,0,12.98,1190,1.05
889,0.234,4,0,95.766,0,12.39,1285,0.99
890,0.2482,4,0,95.7518,0,13.16,1145,1.05
891,0.2411,4,0,95.7589,0,12.31,1356,1.02
892,0.2245,4,0,95.7755,0,11.78,1411,0.95
893,0.2292,4,0,95.7708,0,15.02,1318,0.97
894,0.2198,4,0,95.7802,0,14.76,1373,0.93
895,0.2411,4,0,95.7589,0,15.33,1278,1.02
896,0.2458,4,0,95.7542,0,15.38,1229,1.04
897,0.234,4,0,95.766,0,15.93,1161,0.99
898,0.2363,4,0,95.7637,0,12.65,1264,1
899,0.2718,4,0,95.7282,0,12.95,1199,1.15
900,0.208,4,0,95.792,0,1.28,1483,0.88
901,0.1938,4,0,95.8062,0,1.34,1421,0.82
902,0.2434,4,0,95.7566,0,1.35,1338,1.03
903,0.2647,4,0,95.7353,0,1.38,1296,1.12
904,0.2623,4,0,95.7377,0,1.33,1356,1.11
905,0.208,4,0,95.792,0,1.28,1483,0.88
906,0.1938,4,0,95.8062,0,1.34,1421,0.82
907,0.2434,4,0,95.7566,0,1.35,1338,1.03
908,0.2647,4,0,95.7353,0,1.38,1296,1.12
909,0.2623,4,0,95.7377,0,1.33,1356,1.11
910,1.4435,20.7051,77.8513,0,0,11.61,1166,1.18
911,1.0684,20.784,78.1477,0,0,12.5,1024,0.87
912,1.3591,20.7229,77.918,0,0,9.86,1109,1.11
913,1.3832,20.7178,77.899,0,0,11.05,1031,1.13
914,1.2987,20.7356,77.9658,0,0,9.51,1253,1.06
915,1.3107,20.733,77.9562,0,0,10.24,1208,1.07
916,1.4194,20.7102,77.8704,0,0,11.03,1118,1.16
917,1.1897,20.7585,78.0518,0,0,11.65,1074,0.97
918,1.2745,20.7407,77.9849,0,0,15.2,1011,1.04
919,1.3712,20.7203,77.9085,0,0,14.4,1072,1.12
920,1.1607,21,0,77.8393,0,16.1,1116,0.97
921,1.4957,21,0,77.5043,0,17.2,1061,1.25
922,0.9573,21,0,78.0427,0,15.8,1194,0.8
923,1.2444,21,0,77.7556,0,17.1,1053,1.04
924,1.041,21,0,77.959,0,16.9,1085,0.87
925,1.3162,21,0,77.6838,0,17.2,1082,1.1
926,0.2325,4,0,95.7675,0,12.84,1185,1.02
927,0.2393,4,0,95.7607,0,13.11,1147,1.05
928,0.237,4,0,95.763,0,12.75,1242,1.04
929,0.2325,4,0,95.7675,0,12.44,1287,1.02
930,0.2165,4,0,95.7835,0,12.06,1342,0.95
931,0.2051,4,0,95.7949,0,11.82,1386,0.9
932,0.253,4,0,95.747,0,15.7,1146,1.11
933,0.2462,4,0,95.7538,0,15.45,1181,1.08
934,0.2621,4,0,95.7379,0,15.26,1219,1.15
935,0.2142,4,0,95.7858,0,15.17,1278,0.94
936,0.2416,4,0,95.7584,0,14.95,1313,1.06
937,0.2644,4,0,95.7356,0,14.99,1374,1.16
938,1.323,20.7305,77.9466,0,0,12.63,1024,1.12
939,1.019,20.7943,78.1867,0,0,11.99,1118,0.86
940,1.4045,20.7133,77.8822,0,0,10.93,1229,1.19
941,1.4859,20.6962,77.8179,0,0,30.63,1092,1.26
942,1.0776,20.782,78.1404,0,0,32.36,1029,0.91
943,1.4045,20.7133,77.8822,0,0,15.3,999,1.19
944,1.4394,20.706,77.8546,0,0,14.6,1087,1.22
945,1.4045,20.7133,77.8822,0,0,14.9,1015,1.19
946,1.5323,20.6865,77.7812,0,0,14,1138,1.3
947,0.2508,4,0,95.7492,0,12.51,1296,1.13
948,0.2308,4,0,95.7692,0,12.87,1248,1.04
949,0.2419,4,0,95.7581,0,12.35,1379,1.09
950,0.2308,4,0,95.7692,0,12.26,1410,1.04
951,0.233,4,0,95.767,0,13.03,1217,1.05
952,0.1997,4,0,95.8003,0,12.96,1209,0.9
953,0.1997,4,0,95.8003,0,13.07,1216,0.9
954,0.2352,4,0,95.7648,0,12.99,1216,1.06
955,0.2352,4,0,95.7648,0,13.28,1181,1.06
956,0.233,4,0,95.767,0,13.24,1202,1.05
957,0.1975,4,0,95.8025,0,1.09,1610,0.89
958,0.2042,4,0,95.7958,0,1.15,1563,0.92
959,0.2441,4,0,95.7559,0,1.08,1438,1.1
960,0.2508,4,0,95.7492,0,1.14,1436,1.13
961,0.213,4,0,95.787,0,1.12,1484,0.96
962,0.324,4,0,95.676,0,1.09,1537,1.46
963,0.2996,4,0,95.7004,0,1.14,1694,1.35
964,1.2545,20.7449,78.0007,0,0,10.8,1152,1.09
965,1.3566,20.7234,77.92,0,0,11.99,1010,1.18
966,1.0837,20.7807,78.1356,0,0,11.24,1091,0.94
967,1.1179,20.7735,78.1085,0,0,10.24,1233,0.97
968,1.1749,20.7616,78.0636,0,0,11.64,1056,1.02
969,0.2124,4,0,95.7876,0,1.16,1508,1.01
970,0.1934,4,0,95.8066,0,1.22,1608,0.92
971,0.1913,4,0,95.8087,0,1.21,1476,0.91
972,0.2418,4,0,95.7582,0,1.26,1512,1.15
973,0.1871,4,0,95.8129,0,1.21,1442,0.89
974,0.1955,4,0,95.8045,0,1.28,1385,0.93
975,0.1934,4,0,95.8066,0,1.23,1572,0.92
976,0.2145,4,0,95.7855,0,1.43,1284,1.02
977,1.0598,20.7858,78.1545,0,0,11.85,1030,0.97
978,1.0057,20.7971,78.1972,0,0,10.65,1174,0.92
979,1.049,20.788,78.163,0,0,11.21,1084,0.96
980,1.1893,20.7585,78.0521,0,0,10.75,1153,1.09
981,1.1354,20.7699,78.0947,0,0,10.47,1196,1.04
982,1.2863,20.7382,77.9756,0,0,11.36,1100,1.18
983,0.51,9.9,89.59,0,0,16.641,841.7,1
984,0.51,9.9,89.59,0,0,17.027,847.4,1
985,0.51,9.9,89.59,0,0,17.035,847.6,1
986,0.51,9.9,89.59,0,0,17.527,856.7,1
987,0.51,9.9,89.59,0,0,17.877,862.6,1
988,0.51,9.9,89.59,0,0,16.935,886.7,1
989,0.51,9.9,89.59,0,0,17.271,891.9,1
990,0.51,9.9,89.59,0,0,16.399,924.7,1
991,0.51,9.9,89.59,0,0,17.158,939.8,1
992,0.51,9.9,89.59,0,0,18.325,962.6,1
993,0.51,9.9,89.59,0,0,18.889,973.4,1
994,0.51,9.9,89.59,0,0,16.167,982.9,1
995,0.51,9.9,89.59,0,0,14.058,1015.4,1
996,0.51,9.9,89.59,0,0,14.306,1021,1
997,0.51,9.9,89.59,0,0,17.014,1042.3,1
998,0.51,9.9,89.59,0,0,16.196,1070.8,1
999,0.51,9.9,89.59,0,0,16.452,1078.5,1
1000,0.51,9.9,89.59,0,0,14.461,1078.9,1
1001,0.51,9.9,89.59,0,0,15.731,1128.2,1
1002,0.51,9.9,89.59,0,0,16.495,1210.6,1
1003,0.51,9.9,89.59,0,0,16.06,1271.9,1
1004,0.51,9.9,89.59,0,0,16.142,1274.6,1
1005,0.51,9.9,89.59,0,0,16.666,1388.9,1
1006,0.51,9.9,89.59,0,0,18.31,1448.5,1
1007,0.51,9.9,89.59,0,0,18.176,1508.7,1
1008,0.51,9.9,89.59,0,0,17.875,1663.7,1
1009,0.51,9.9,89.59,0,0,19.002,1712.1,1
1010,1,9.8,89.2,0,0,16.9702,893.9,2
1011,1,9.8,89.2,0,0,17.059,922.7,2
1012,1,9.8,89.2,0,0,17.9277,944.8,2
1013,1,9.8,89.2,0,0,18.2491,977,2
1014,1,9.8,89.2,0,0,15.5522,999.2,2
1015,1,9.8,89.2,0,0,15.9807,1038.3,2
1016,1,9.8,89.2,0,0,14.125,1072.5,2
1017,1,9.8,89.2,0,0,15.9668,1071.5,2
1018,1,9.8,89.2,0,0,16.1363,1075.8,2
1019,1,9.8,89.2,0,0,16.4639,1109.8,2
1020,1,9.8,89.2,0,0,16.3371,1134.8,2
1021,1,9.8,89.2,0,0,13.6671,1175.3,2
1022,1,9.8,89.2,0,0,15.6458,1180.2,2
1023,1,9.8,89.2,0,0,14.2725,1193.6,2
1024,1,9.8,89.2,0,0,14.3536,1267.7,2
1025,1,9.8,89.2,0,0,15.9366,1250.7,2
1026,1,9.8,89.2,0,0,16.1852,1257.2,2
1027,1,9.8,89.2,0,0,16.7093,1296.3,2
1028,1,9.8,89.2,0,0,17.7899,1309.6,2
1029,1,9.8,89.2,0,0,16.7481,1353,2
1030,1,9.8,89.2,0,0,16.6895,1351.9,2
1031,1,9.8,89.2,0,0,14.5907,1402.5,2
1032,1,9.8,89.2,0,0,15.8992,1458.7,2
1033,1,9.8,89.2,0,0,11.39,1552,2
1034,1,9.8,89.2,0,0,17.7198,1531.5,2
1035,1,9.8,89.2,0,0,18.6344,1565.6,2
1036,1,9.8,89.2,0,0,15.5223,1586.9,2
1037,1,9.8,89.2,0,0,15.9881,1607.2,2
1038,1,9.8,89.2,0,0,16.1256,1616.2,2
1039,1,9.8,89.2,0,0,16.3754,1626.6,2
1040,1.224,20.751,78.025,0,0,11.1,1138,1
1041,1.224,20.751,78.025,0,0,10.7,1148,1
1042,1.224,20.751,78.025,0,0,10.8,1086,1
1043,1.224,20.751,78.025,0,0,10.1,1162,1
1044,1.224,20.751,78.025,0,0,10.1,1194,1
1045,1.224,20.751,78.025,0,0,9.9,1214,1
1046,1.224,20.751,78.025,0,0,9.7,1222,1
1047,1.224,20.751,78.025,0,0,10.3,1099,1
1048,1.224,20.751,78.025,0,0,9.3,1046,1
1049,1.224,20.751,78.025,0,0,10.6,1176,1
1050,1.224,20.751,78.025,0,0,12.3,1156,1
1051,1.224,20.751,78.025,0,0,10.6,1089,1
1052,1.224,20.751,78.025,0,0,10,1114,1
1053,1.224,20.751,78.025,0,0,10.6,1040,1
1054,1.224,20.751,78.025,0,0,10,1035,1
1055,1.224,20.751,78.025,0,0,9.5,1067,1
1056,1.224,20.751,78.025,0,0,7.6,1085,1
1057,1.224,20.751,78.025,0,0,9.9,1191,1
1058,1.224,20.751,78.025,0,0,9.4,1191,1
1059,1.224,20.751,78.025,0,0,8.7,1204,1
1060,1.224,20.751,78.025,0,0,11.5,1050,1
1061,1.224,20.751,78.025,0,0,24.8,1076,1
1062,1.224,20.751,78.025,0,0,23.7,1154,1
1063,1.224,20.751,78.025,0,0,24.6,1125,1
1064,1.224,20.751,78.025,0,0,24.5,1096,1
1065,1.224,20.751,78.025,0,0,24.4,966,1
1066,1.224,20.751,78.025,0,0,25,987,1
1067,1.224,20.751,78.025,0,0,24.8,1021,1
1068,1.224,20.751,78.025,0,0,25.2,1083,1
1069,0.616,20.87,78.505,0,0,9.9,1252,0.5
1070,0.616,20.87,78.505,0,0,10.1,1208,0.5
1071,0.616,20.87,78.505,0,0,10.1,1106,0.5
1072,0.616,20.87,78.505,0,0,10,1144,0.5
1073,0.616,20.87,78.505,0,0,10.5,1147,0.5
1074,0.616,20.87,78.505,0,0,11.3,1096,0.5
1075,0.616,20.87,78.505,0,0,11,1098,0.5
1076,0.616,20.87,78.505,0,0,10.7,1022,0.5
1077,0.616,20.87,78.505,0,0,9.7,1078,0.5
1078,0.616,20.87,78.505,0,0,9.6,1189,0.5
1079,0.616,20.87,78.505,0,0,25,1193,0.5
1080,0.616,20.87,78.505,0,0,25.1,1128,0.5
1081,0.616,20.87,78.505,0,0,26.1,1010,0.5
1082,0.616,20.87,78.505,0,0,25.8,1078,0.5
1083,0.616,20.87,78.505,0,0,25.8,972,0.5
1084,0.616,20.87,78.505,0,0,22.6,1160,0.5
1085,0.616,20.87,78.505,0,0,20,790,0.5
1086,0.616,20.87,78.505,0,0,20.2,828,0.5
1087,0.616,20.87,78.505,0,0,19.2,842,0.5
1088,0.616,20.87,78.505,0,0,19.6,883,0.5
1089,1.1521,20.7664,78.0815,0,0,9.8,1153,1
1090,1.1521,20.7664,78.0815,0,0,10.6,1106,1
1091,1.1521,20.7664,78.0815,0,0,10.2,1204,1
1092,1.1521,20.7664,78.0815,0,0,9.7,1264,1
1093,1.1521,20.7664,78.0815,0,0,11,1052,1
1094,1.1521,20.7664,78.0815,0,0,10.5,1013,1
1095,1.1521,20.7664,78.0815,0,0,10.9,1085,1
1096,1.1521,20.7664,78.0815,0,0,10.3,1115,1
1097,1.1521,20.7664,78.0815,0,0,24,1025,1
1098,1.1521,20.7664,78.0815,0,0,24.2,1005,1
1099,1.1521,20.7664,78.0815,0,0,24.1,1060,1
1100,1.1521,20.7664,78.0815,0,0,23.2,1115,1
1101,1.1521,20.7664,78.0815,0,0,21.7,1170,1
1102,1.1521,20.7664,78.0815,0,0,24.4,976,1
1103,0.5794,20.8867,78.5339,0,0,9.7,1239,0.5
1104,0.5794,20.8867,78.5339,0,0,10.5,1082,0.5
1105,0.5794,20.8867,78.5339,0,0,10.3,1024,0.5
1106,0.5794,20.8867,78.5339,0,0,10,1164,0.5
1107,0.5794,20.8867,78.5339,0,0,9.7,1093,0.5
1108,0.5794,20.8867,78.5339,0,0,9.4,1103,0.5
1109,0.5794,20.8867,78.5339,0,0,10.2,1065,0.5
1110,0.5794,20.8867,78.5339,0,0,9.7,1199,0.5
1111,0.5794,20.8867,78.5339,0,0,10.2,1128,0.5
1112,0.5794,20.8867,78.5339,0,0,10.5,1056,0.5
1113,0.5794,20.8867,78.5339,0,0,25.3,1122,0.5
1114,0.5794,20.8867,78.5339,0,0,24.7,1066,0.5
1115,0.5794,20.8867,78.5339,0,0,24.1,1155,0.5
1116,0.5794,20.8867,78.5339,0,0,25.7,1013,0.5
1117,0.5794,20.8867,78.5339,0,0,26.4,977,0.5
1118,0.5794,20.8867,78.5339,0,0,17.4,882,0.5
1119,0.5794,20.8867,78.5339,0,0,16,785,0.5
1120,0.5794,20.8867,78.5339,0,0,20.3,885,0.5
